BusinessEntityID,Name,AnnualSales,AnnualRevenue,BankName,BusinessType,YearOpened,Specialty,SquareFeet,Brands,Internet,NumberEmployees
292,Next-Door Bike Store,"800.000,00 €","80.000,00 €",United Security,BM,1996,Mountain,21000,2,ISDN,13
294,Professional Sales and Service,"800.000,00 €","80.000,00 €",International Bank,BM,1991,Touring,18000,4+,T1,14
296,Riders Company,"800.000,00 €","80.000,00 €",Primary Bank & Reserve,BM,1999,Road,21000,2,DSL,15
298,The Bike Mechanics,"800.000,00 €","80.000,00 €",International Security,BM,1994,Mountain,18000,2,DSL,16
300,Nationwide Supply,"800.000,00 €","80.000,00 €",Guardian Bank,BM,1987,Touring,21000,4+,DSL,17
302,Area Bike Accessories,"300.000,00 €","30.000,00 €",International Bank,BM,1982,Road,9000,AW,T2,8
304,Bicycle Accessories and Kits,"300.000,00 €","30.000,00 €",Primary Bank & Reserve,BM,1990,Mountain,7000,AW,T1,9
306,Clamps & Brackets Co.,"800.000,00 €","80.000,00 €",International Security,BM,1985,Mountain,17000,4+,DSL,10
308,Valley Bicycle Specialists,"3.000.000,00 €","300.000,00 €",Primary Bank & Reserve,OS,1979,Mountain,72000,4+,DSL,66
310,New Bikes Company,"1.500.000,00 €","150.000,00 €",International Security,OS,1974,Road,39000,4+,T1,40
312,Vinyl and Plastic Goods Corporation,"1.500.000,00 €","150.000,00 €",Primary Bank & Reserve,OS,1980,Mountain,41000,4+,DSL,43
314,Top of the Line Bikes,"1.500.000,00 €","150.000,00 €",International Bank,OS,1986,Touring,40000,4+,DSL,46
316,Fun Toys and Bikes,"300.000,00 €","30.000,00 €",Primary Bank & Reserve,BM,1973,Touring,6000,2,DSL,2
318,Great Bikes ,"300.000,00 €","30.000,00 €",International Security,BM,1981,Mountain,10000,4+,T3,3
320,Metropolitan Sales and Rental,"300.000,00 €","30.000,00 €",Guardian Bank,BM,1976,Road,6000,AW,T1,4
322,Irregulars Outlet,"300.000,00 €","30.000,00 €",Primary International,BM,1984,Mountain,7000,AW,DSL,5
324,Valley Toy Store,"300.000,00 €","30.000,00 €",Reserve Security,BM,1979,Mountain,9000,2,T1,6
326,Worthwhile Activity Store,"300.000,00 €","30.000,00 €",United Security,BM,1987,Mountain,8000,2,DSL,7
328,Purchase Mart,"1.500.000,00 €","150.000,00 €",United Security,OS,1992,Touring,38000,3,ISDN,49
330,Major Sport Suppliers,"3.000.000,00 €","300.000,00 €",Reserve Security,OS,1998,Mountain,68000,3,DSL,52
332,Family's Favorite Bike Shop,"800.000,00 €","80.000,00 €",Primary International,BM,1997,Mountain,21000,3,ISDN,18
334,Global Plaza,"800.000,00 €","80.000,00 €",Reserve Security,BM,1975,Mountain,19000,3,DSL,19
336,Imported and Domestic Cycles,"1.000.000,00 €","100.000,00 €",United Security,BM,2000,Road,24000,2,T1,20
338,Systematic Sales,"3.000.000,00 €","300.000,00 €",Primary International,OS,1999,Touring,73000,4+,DSL,55
340,eCommerce Bikes,"3.000.000,00 €","300.000,00 €",Guardian Bank,OS,1999,Mountain,69000,2,DSL,58
342,Mountain Toy Store,"800.000,00 €","80.000,00 €",International Bank,BM,2000,Road,18000,4+,DSL,17
344,Retail Sales and Service,"800.000,00 €","80.000,00 €",Primary Bank & Reserve,BM,1994,Road,18000,2,DSL,14
346,Designated Distributors,"3.000.000,00 €","300.000,00 €",International Security,OS,1979,Road,72000,4+,T2,61
348,Bold Bike Accessories,"3.000.000,00 €","300.000,00 €",Primary Bank & Reserve,OS,1999,Mountain,72000,4+,DSL,58
350,Twin Cycles,"800.000,00 €","80.000,00 €",International Security,BM,1988,Touring,21000,AW,T1,11
352,Tiny Bike Boutique,"300.000,00 €","30.000,00 €",International Bank,BM,1978,Road,6000,4+,DSL,4
354,Acclaimed Bicycle Company,"3.000.000,00 €","300.000,00 €",International Bank,OS,1979,Touring,73000,3,DSL,61
356,Serious Cycles,"3.000.000,00 €","300.000,00 €",United Security,OS,1996,Mountain,71000,4+,ISDN,64
358,Quality Bike Sales,"3.000.000,00 €","300.000,00 €",Reserve Security,OS,1991,Touring,74000,3,DSL,67
360,Novelty Bikes,"3.000.000,00 €","300.000,00 €",Primary International,OS,1993,Touring,74000,4+,ISDN,70
362,Distinctive Cycles Sales & Service,"3.000.000,00 €","300.000,00 €",Primary Bank & Reserve,OS,1995,Mountain,75000,3,DSL,79
364,Leading Bike Distributors,"800.000,00 €","80.000,00 €",Reserve Security,BS,1978,Road,18000,3,T1,13
366,Activity Center,"1.500.000,00 €","150.000,00 €",Primary Bank & Reserve,BS,1971,Road,37000,3,DSL,37
368,Brightwork Company,"1.500.000,00 €","150.000,00 €",International Security,BS,1979,Mountain,36000,4+,ISDN,38
370,Resale Services,"800.000,00 €","80.000,00 €",United Security,BM,1988,Mountain,21000,2,DSL,16
372,The Gear Store,"800.000,00 €","80.000,00 €",International Bank,BM,1982,Mountain,21000,2,DSL,14
374,Immense Manufacturing Company,"3.000.000,00 €","300.000,00 €",Guardian Bank,OS,1998,Touring,76000,4+,DSL,73
376,Extended Bike Sales,"3.000.000,00 €","300.000,00 €",International Security,OS,1990,Mountain,73000,4+,DSL,76
378,Pedaling Components,"1.500.000,00 €","150.000,00 €",United Security,BS,1988,Touring,36000,4+,DSL,35
380,Workout Emporium,"1.500.000,00 €","150.000,00 €",International Bank,BS,1976,Touring,39000,4+,T1,36
382,Work and Play Association,"800.000,00 €","80.000,00 €",Primary Bank & Reserve,BM,1976,Road,22000,4+,DSL,12
384,Seaside Bike Works,"800.000,00 €","80.000,00 €",International Security,BM,1970,Touring,19000,3,T1,10
386,Nice Bikes,"300.000,00 €","30.000,00 €",Guardian Bank,BM,1975,Road,9000,4+,DSL,8
388,Remarkable Bike Store,"800.000,00 €","80.000,00 €",United Security,BS,1972,Road,17000,3,T2,10
390,Road-Way Mart,"1.000.000,00 €","100.000,00 €",Reserve Security,BS,1998,Mountain,26000,3,DSL,27
392,Small Cycle Store,"1.000.000,00 €","100.000,00 €",United Security,BS,1971,Road,25000,3,T1,28
394,Blue-Ribbon Bike Company,"300.000,00 €","30.000,00 €",Primary International,BM,1970,Touring,9000,AW,T1,6
396,Flawless Bike Shop,"300.000,00 €","30.000,00 €",Reserve Security,BM,1978,Road,10000,3,T2,4
398,Grand Bicycle Stores,"300.000,00 €","30.000,00 €",United Security,BM,1973,Mountain,10000,AW,ISDN,2
400,Exertion Activities Club,"1.500.000,00 €","150.000,00 €",Guardian Bank,BS,1984,Touring,38000,4+,T1,32
402,Impromptu Trips,"1.500.000,00 €","150.000,00 €",Primary International,BS,1978,Mountain,37000,4+,ISDN,33
404,Margie's Travel,"1.500.000,00 €","150.000,00 €",Reserve Security,BS,1972,Mountain,35000,2,T1,34
406,Kickstand Sellers,"300.000,00 €","30.000,00 €",International Bank,BM,1981,Mountain,8000,4+,T1,3
408,Nearest Bike Store,"300.000,00 €","30.000,00 €",Primary Bank & Reserve,BM,1976,Touring,8000,4+,T1,4
410,Fast Bike Works,"1.000.000,00 €","100.000,00 €",Primary International,BS,1971,Touring,25000,4+,DSL,28
412,Gasless Cycle Shop,"1.000.000,00 €","100.000,00 €",Reserve Security,BS,2001,Road,24000,3,DSL,29
414,Lubricant and Grease Suppliers,"1.500.000,00 €","150.000,00 €",United Security,BS,1996,Mountain,37000,4+,DSL,30
416,Teen Discount Store,"800.000,00 €","80.000,00 €",Reserve Security,BM,1994,Mountain,18000,3,DSL,16
418,Transportation Options,"800.000,00 €","80.000,00 €",United Security,BM,1987,Mountain,20000,3,DSL,17
420,Capital Riding Supplies,"1.500.000,00 €","150.000,00 €",Primary Bank & Reserve,OS,1986,Mountain,39000,2,DSL,46
422,Bike Boutique,"1.500.000,00 €","150.000,00 €",International Bank,OS,1992,Road,41000,4+,ISDN,49
424,Bikes Anyone?,"1.000.000,00 €","100.000,00 €",International Security,BS,1996,Touring,27000,3,DSL,22
426,Cross-town Parts Shop,"800.000,00 €","80.000,00 €",Guardian Bank,BS,1990,Road,23000,2,T1,19
428,Finer Cycle Shop,"800.000,00 €","80.000,00 €",Primary International,BS,1984,Mountain,20000,4+,ISDN,16
430,Center Cycle Shop,"1.000.000,00 €","100.000,00 €",Primary Bank & Reserve,BM,2000,Road,25000,4+,T1,20
432,Bulk Discount Store,"800.000,00 €","80.000,00 €",International Security,BM,2000,Road,21000,3,DSL,17
434,Country Parts Shop,"800.000,00 €","80.000,00 €",Guardian Bank,BM,1994,Road,21000,4+,DSL,14
436,Second Bike Shop,"800.000,00 €","80.000,00 €",Guardian Bank,BM,2000,Road,21000,4+,T1,19
438,First-Rate Outlet,"1.000.000,00 €","100.000,00 €",Primary International,BM,2000,Road,26000,3,T1,20
440,Juvenile Sports Equipment,"800.000,00 €","80.000,00 €",Reserve Security,BM,1994,Mountain,20000,2,DSL,18
442,Another Bicycle Company,"300.000,00 €","30.000,00 €",Reserve Security,BM,1973,Touring,6000,AW,DSL,2
444,Fourth Bike Store,"300.000,00 €","30.000,00 €",United Security,BM,1981,Touring,9000,AW,T1,3
446,Rodeway Bike Store,"300.000,00 €","30.000,00 €",International Bank,BM,1976,Mountain,7000,4+,DSL,4
448,Traction Tire Company,"1.500.000,00 €","150.000,00 €",International Bank,BS,1990,Mountain,39000,2,DSL,31
450,Unsurpassed Bikes,"1.500.000,00 €","150.000,00 €",Primary Bank & Reserve,BS,1984,Touring,39000,3,DSL,32
452,Field Trip Inc,"1.500.000,00 €","150.000,00 €",International Security,BS,1978,Road,35000,4+,DSL,33
454,Tire Company,"1.500.000,00 €","150.000,00 €",International Bank,BS,1983,Road,37000,2,DSL,45
456,Uncompromising Quality Co,"1.500.000,00 €","150.000,00 €",Primary Bank & Reserve,BS,1991,Touring,39000,4+,DSL,46
458,Metallic Paint and Overcoat Co,"1.000.000,00 €","100.000,00 €",Primary Bank & Reserve,BS,1971,Road,26000,3,DSL,28
460,Pro Sporting Goods,"3.000.000,00 €","300.000,00 €",Primary International,OS,1972,Mountain,79000,4+,DSL,90
462,Sporting Goods and Bicycle Shop,"3.000.000,00 €","300.000,00 €",Guardian Bank,OS,1977,Road,78000,3,DSL,91
464,Odometers and Accessories Company,"3.000.000,00 €","300.000,00 €",International Security,OS,1987,Touring,76000,4+,DSL,92
466,Scratch-Resistant Finishes Company,"800.000,00 €","80.000,00 €",Guardian Bank,BS,1984,Mountain,21000,4+,DSL,16
468,Topnotch Bikes,"800.000,00 €","80.000,00 €",Primary International,BS,1978,Mountain,22000,2,T3,13
470,"Unicycles, Bicycles, and Tricycles","800.000,00 €","80.000,00 €",Reserve Security,BS,1972,Touring,17000,4+,T1,10
472,Safe Cycles Shop,"3.000.000,00 €","300.000,00 €",International Security,OS,1998,Mountain,72000,4+,DSL,73
474,Number 1 Supply,"3.000.000,00 €","300.000,00 €",Primary Bank & Reserve,OS,1990,Road,75000,4+,ISDN,76
476,Industrial Supplies,"3.000.000,00 €","300.000,00 €",International Bank,OS,1995,Touring,73000,3,DSL,79
478,Golf and Cycle Store,"3.000.000,00 €","300.000,00 €",Guardian Bank,OS,1978,Mountain,75000,2,DSL,86
480,Front Runner Bikes,"3.000.000,00 €","300.000,00 €",International Security,OS,1983,Touring,77000,4+,DSL,87
482,Favorite Toy Distributor,"3.000.000,00 €","300.000,00 €",Primary Bank & Reserve,OS,1975,Touring,77000,4+,DSL,88
484,World Bike Discount Store,"1.500.000,00 €","150.000,00 €",Guardian Bank,BS,1979,Road,39000,4+,DSL,38
486,Global Sporting Goods,"1.500.000,00 €","150.000,00 €",Primary International,BS,1974,Road,36000,3,DSL,39
488,Historic Bicycle Sales,"1.500.000,00 €","150.000,00 €",Reserve Security,BS,1982,Mountain,38000,2,T1,40
490,Commuter Bicycle Store,"800.000,00 €","80.000,00 €",Reserve Security,BM,1987,Touring,22000,4+,T1,17
492,Coalition Bike Company,"800.000,00 €","80.000,00 €",United Security,BM,1997,Mountain,23000,2,DSL,18
494,Travel Systems,"800.000,00 €","80.000,00 €",International Bank,BM,1975,Road,21000,4+,T2,19
496,Grease and Oil Products Company,"1.500.000,00 €","150.000,00 €",Primary Bank & Reserve,BS,1979,Road,36000,4+,T2,38
498,Moderately-Priced Bikes Store,"1.500.000,00 €","150.000,00 €",International Security,BS,1974,Mountain,39000,2,DSL,39
500,Toy Manufacturing Inc,"1.500.000,00 €","150.000,00 €",Guardian Bank,BS,1977,Road,40000,4+,DSL,41
502,Eighty Toy Stores,"1.500.000,00 €","150.000,00 €",Primary International,BS,1985,Road,37000,4+,T1,42
504,Economy Bikes Company,"1.500.000,00 €","150.000,00 €",Reserve Security,BS,1980,Mountain,41000,4+,DSL,43
506,Third Bike Store,"1.500.000,00 €","150.000,00 €",United Security,BS,1988,Road,37000,4+,T1,44
508,Atypical Bike Company,"1.000.000,00 €","100.000,00 €",Reserve Security,BM,2000,Road,25000,3,DSL,20
510,Bikes for Two,"800.000,00 €","80.000,00 €",United Security,BM,1994,Mountain,22000,3,T1,18
512,Metal Processing Company,"1.500.000,00 €","150.000,00 €",International Security,BS,1986,Road,39000,4+,DSL,47
514,Widget Bicycle Specialists,"1.500.000,00 €","150.000,00 €",Guardian Bank,BS,1994,Road,38000,3,DSL,48
516,Initial Bike Company,"800.000,00 €","80.000,00 €",International Security,BM,1996,Mountain,19000,4+,DSL,13
518,Latest Sports Equipment,"800.000,00 €","80.000,00 €",Guardian Bank,BM,1991,Mountain,18000,4+,T1,14
520,Modern Bike Store,"800.000,00 €","80.000,00 €",Primary International,BM,1999,Road,21000,4+,T1,15
522,Raw Materials Inc,"3.000.000,00 €","300.000,00 €",Primary Bank & Reserve,OS,1998,Mountain,74000,4+,ISDN,73
524,Lots of Bikes Storehouse,"3.000.000,00 €","300.000,00 €",International Bank,OS,1990,Mountain,73000,2,T1,76
526,Futuristic Bikes,"3.000.000,00 €","300.000,00 €",United Security,OS,1995,Mountain,77000,2,DSL,79
528,Parcel Express Delivery Service,"1.500.000,00 €","150.000,00 €",United Security,BS,1979,Road,36000,4+,DSL,38
530,Outdoor Distributors,"1.500.000,00 €","150.000,00 €",International Bank,BS,1974,Mountain,36000,3,DSL,39
532,North Bike Company,"1.500.000,00 €","150.000,00 €",Primary Bank & Reserve,BS,1982,Road,37000,4+,T1,40
534,Prosperous Tours,"3.000.000,00 €","300.000,00 €",Guardian Bank,OS,1999,Road,79000,4+,T1,99
536,Nonskid Tire Company,"3.000.000,00 €","300.000,00 €",International Security,OS,1999,Mountain,80000,3,T2,100
538,Amalgamated Parts Shop,"3.000.000,00 €","300.000,00 €",Primary Bank & Reserve,OS,1999,Touring,77000,4+,T3,99
540,Metro Bike Works,"3.000.000,00 €","300.000,00 €",International Bank,OS,1999,Mountain,77000,4+,DSL,100
542,Best o' Bikes,"800.000,00 €","80.000,00 €",Primary International,BS,1972,Touring,19000,3,DSL,10
544,Painters Bicycle Specialists,"1.000.000,00 €","100.000,00 €",Guardian Bank,BS,1998,Road,24000,3,DSL,27
546,Client Discount Store,"1.000.000,00 €","100.000,00 €",Guardian Bank,BM,2000,Mountain,24000,2,DSL,20
548,Eastside Sporting Goods,"800.000,00 €","80.000,00 €",Primary International,BM,2000,Road,19000,AW,T1,17
550,Helmets and Cycles,"800.000,00 €","80.000,00 €",Reserve Security,BM,1994,Touring,21000,4+,ISDN,14
552,Requisite Part Supply,"1.500.000,00 €","150.000,00 €",Guardian Bank,BS,1988,Road,39000,3,DSL,35
554,Racks and Security Systems,"1.500.000,00 €","150.000,00 €",Primary International,BS,1976,Touring,39000,3,DSL,36
556,Mechanical Products Ltd.,"1.500.000,00 €","150.000,00 €",Reserve Security,BS,1971,Road,38000,4+,DSL,37
558,Commendable Bikes,"1.500.000,00 €","150.000,00 €",Guardian Bank,BS,1974,Road,37000,4+,DSL,39
560,Online Bike Sellers,"1.500.000,00 €","150.000,00 €",Primary International,BS,1982,Mountain,39000,2,DSL,40
562,Custom Accessories Company,"3.000.000,00 €","300.000,00 €",Guardian Bank,OS,1998,Road,79000,4+,DSL,98
564,Unusual Bicycle Company,"3.000.000,00 €","300.000,00 €",International Security,OS,1999,Touring,78000,4+,DSL,99
566,Courteous Bicycle Specialists,"300.000,00 €","30.000,00 €",International Security,BM,1982,Touring,10000,2,DSL,8
568,Hobby Store,"300.000,00 €","30.000,00 €",Guardian Bank,BM,1976,Mountain,6000,2,DSL,5
570,Professional Cycle Store,"300.000,00 €","30.000,00 €",Primary International,BM,1970,Mountain,10000,2,T1,2
572,Bike Universe,"1.000.000,00 €","100.000,00 €",United Security,BS,1971,Mountain,28000,4+,T2,28
574,Fifth Bike Store,"1.000.000,00 €","100.000,00 €",International Bank,BS,2001,Road,26000,4+,DSL,25
576,Independent Outlet,"1.000.000,00 €","100.000,00 €",Primary Bank & Reserve,BS,1996,Road,25000,3,DSL,22
578,Rambling Tours,"800.000,00 €","80.000,00 €",International Security,BS,1990,Touring,19000,3,T3,19
580,Farthest Bike Store,"3.000.000,00 €","300.000,00 €",United Security,OS,1987,Touring,74000,4+,DSL,80
582,Excellent Bikes,"3.000.000,00 €","300.000,00 €",Reserve Security,OS,1992,Touring,75000,2,DSL,81
584,Curbside Universe,"3.000.000,00 €","300.000,00 €",Primary International,OS,1984,Road,73000,4+,DSL,82
586,Alternative Vehicles,"1.500.000,00 €","150.000,00 €",Primary Bank & Reserve,BS,1983,Road,41000,4+,T1,45
588,Channel Outlet,"1.500.000,00 €","150.000,00 €",International Security,BS,1991,Touring,40000,4+,DSL,46
590,Full Sports Supply,"1.500.000,00 €","150.000,00 €",Guardian Bank,BS,1986,Mountain,38000,4+,DSL,47
592,Retail Mall,"3.000.000,00 €","300.000,00 €",Primary International,OS,1977,Road,79000,4+,ISDN,91
594,Racing Store,"3.000.000,00 €","300.000,00 €",Guardian Bank,OS,1987,Road,78000,4+,DSL,92
596,Metro Metals Co.,"3.000.000,00 €","300.000,00 €",International Security,OS,1974,Touring,77000,4+,DSL,93
598,Sheet Metal Manufacturing,"800.000,00 €","80.000,00 €",International Security,BM,1997,Road,19000,3,T1,17
600,Thorough Parts and Repair Services,"800.000,00 €","80.000,00 €",Guardian Bank,BM,1975,Road,22000,2,T1,18
602,Uttermost Bike Shop,"800.000,00 €","80.000,00 €",Primary International,BM,2000,Road,20000,4+,DSL,19
604,Mechanical Sports Center,"1.500.000,00 €","150.000,00 €",International Security,BS,1995,Road,40000,3,DSL,40
606,Speedometer Sales,"1.500.000,00 €","150.000,00 €",Guardian Bank,BS,1995,Road,39000,3,DSL,37
608,Two-Wheeled Transit Company,"1.500.000,00 €","150.000,00 €",Primary International,BS,1983,Mountain,38000,4+,DSL,34
610,Mountain Emporium,"1.500.000,00 €","150.000,00 €",Reserve Security,BS,1998,Mountain,37000,4+,T1,31
612,Metro Cycle Shop,"3.000.000,00 €","300.000,00 €",Guardian Bank,OS,1989,Mountain,74000,3,T1,83
614,Outdoor Sporting Goods,"3.000.000,00 €","300.000,00 €",International Security,OS,1981,Touring,74000,3,ISDN,84
616,Tread Industries,"3.000.000,00 €","300.000,00 €",Primary Bank & Reserve,OS,1986,Mountain,77000,4+,T1,85
618,Petroleum Products Distributors,"3.000.000,00 €","300.000,00 €",International Bank,OS,1978,Touring,78000,4+,DSL,86
620,Tandem Bicycle Store,"1.500.000,00 €","150.000,00 €",International Security,OS,1986,Mountain,37000,4+,DSL,46
622,Bikes and Motorbikes,"1.500.000,00 €","150.000,00 €",Primary Bank & Reserve,OS,1992,Road,40000,2,DSL,49
624,Budget Toy Store,"3.000.000,00 €","300.000,00 €",International Bank,OS,1998,Mountain,71000,4+,DSL,52
626,Camping and Sports Store,"3.000.000,00 €","300.000,00 €",Reserve Security,OS,1987,Touring,77000,4+,DSL,80
628,Ace Bicycle Supply,"3.000.000,00 €","300.000,00 €",Primary International,OS,1992,Mountain,73000,3,T1,81
630,Rural Department Store,"1.500.000,00 €","150.000,00 €",United Security,BS,1990,Touring,35000,3,T1,31
632,Sports Commodities,"1.500.000,00 €","150.000,00 €",International Bank,BS,1984,Mountain,37000,2,T1,32
634,Riverside Company,"1.500.000,00 €","150.000,00 €",Primary Bank & Reserve,BS,1978,Road,38000,4+,DSL,33
636,Bicycle Exporters,"1.500.000,00 €","150.000,00 €",International Security,BS,1972,Touring,39000,2,T2,34
638,Responsible Bike Dealers,"1.500.000,00 €","150.000,00 €",International Security,BS,1989,Mountain,40000,2,T1,49
640,Western Bike Supplies,"1.500.000,00 €","150.000,00 €",Primary Bank & Reserve,BS,1994,Road,38000,3,T1,48
642,Advanced Bike Components,"1.500.000,00 €","150.000,00 €",Primary International,OS,1974,Road,38000,3,DSL,40
644,Aerobic Exercise Company,"1.500.000,00 €","150.000,00 €",Guardian Bank,OS,1980,Road,40000,3,DSL,43
646,Rural Sporting Goods,"800.000,00 €","80.000,00 €",United Security,BM,1985,Road,20000,4+,T2,10
648,Corner Bicycle Supply,"800.000,00 €","80.000,00 €",International Bank,BM,1993,Road,17000,4+,DSL,11
650,Distance Bikes,"800.000,00 €","80.000,00 €",Primary Bank & Reserve,BM,1988,Road,20000,2,DSL,12
652,Westside Plaza,"3.000.000,00 €","300.000,00 €",United Security,OS,1989,Touring,74000,3,DSL,83
654,Ultimate Bike Shop,"3.000.000,00 €","300.000,00 €",Reserve Security,OS,1981,Mountain,78000,4+,DSL,84
656,Outstanding Cycles,"3.000.000,00 €","300.000,00 €",Primary International,OS,1986,Touring,78000,4+,ISDN,85
658,Vigorous Sports Store,"3.000.000,00 €","300.000,00 €",Guardian Bank,OS,1984,Road,73000,4+,DSL,82
660,Sports Merchandise,"3.000.000,00 €","300.000,00 €",International Security,OS,1989,Touring,73000,4+,DSL,83
662,Fitness Toy Store,"3.000.000,00 €","300.000,00 €",Primary Bank & Reserve,OS,1981,Road,75000,3,DSL,84
664,Casual Bicycle Store,"800.000,00 €","80.000,00 €",Guardian Bank,BM,1985,Mountain,18000,2,T3,10
666,Fitness Discount Store,"800.000,00 €","80.000,00 €",Primary International,BM,1993,Touring,19000,AW,DSL,11
668,General Cycle Storehouse,"800.000,00 €","80.000,00 €",Reserve Security,BM,1988,Mountain,20000,4+,DSL,12
670,Fitness Cycling,"800.000,00 €","80.000,00 €",International Bank,BM,1988,Mountain,18000,2,DSL,16
672,Good Bike Shop,"800.000,00 €","80.000,00 €",Primary Bank & Reserve,BM,1982,Road,19000,4+,DSL,14
674,Imaginary Toys,"800.000,00 €","80.000,00 €",International Security,BM,1976,Touring,20000,4+,DSL,12
676,Inexpensive Parts Shop,"1.500.000,00 €","150.000,00 €",Guardian Bank,BS,1972,Mountain,35000,4+,T1,34
678,Nuts and Bolts Mfg.,"1.500.000,00 €","150.000,00 €",Primary International,BS,1988,Mountain,37000,4+,DSL,35
680,Principal Bicycle Supply,"1.500.000,00 €","150.000,00 €",Reserve Security,BS,1976,Road,39000,4+,DSL,36
682,Thrilling Bike Tours,"1.500.000,00 €","150.000,00 €",United Security,BS,1971,Touring,37000,4+,ISDN,37
684,This Area Sporting Goods,"1.500.000,00 €","150.000,00 €",International Bank,BS,1979,Mountain,39000,2,DSL,38
686,Full-Service Bike Store,"1.500.000,00 €","150.000,00 €",Primary Bank & Reserve,BS,1974,Mountain,38000,3,DSL,39
688,Plastic Products Manufacturers,"1.500.000,00 €","150.000,00 €",International Security,BS,1982,Touring,37000,3,DSL,40
690,Kids and Adults Cycle Shop,"3.000.000,00 €","300.000,00 €",Primary Bank & Reserve,OS,1974,Mountain,75000,2,T1,93
692,Grand Discount Store,"3.000.000,00 €","300.000,00 €",International Bank,OS,1974,Mountain,75000,4+,DSL,94
694,Genuine Bike Shop,"3.000.000,00 €","300.000,00 €",United Security,OS,1980,Road,76000,4+,DSL,95
696,Extreme Riding Supplies,"3.000.000,00 €","300.000,00 €",Reserve Security,OS,1986,Touring,79000,3,T1,96
698,Bike Rims Company,"3.000.000,00 €","300.000,00 €",Primary International,OS,1992,Road,80000,4+,T2,97
700,Fleet Bikes,"1.500.000,00 €","150.000,00 €",Primary International,BS,1989,Mountain,40000,3,DSL,49
702,Local Hardware Factory,"1.500.000,00 €","150.000,00 €",Reserve Security,BS,1997,Road,41000,3,DSL,46
704,Only Bikes and Accessories,"1.500.000,00 €","150.000,00 €",United Security,BS,1992,Mountain,40000,4+,T1,43
706,Rental Gallery,"1.500.000,00 €","150.000,00 €",International Bank,BS,1995,Mountain,37000,4+,T2,40
708,South Bike Company,"1.500.000,00 €","150.000,00 €",Primary Bank & Reserve,BS,1995,Touring,40000,4+,DSL,37
710,Wonderful Bikes Inc.,"1.500.000,00 €","150.000,00 €",International Security,BS,1983,Road,37000,3,T1,34
712,Another Sporting Goods Company,"1.500.000,00 €","150.000,00 €",Guardian Bank,BS,1998,Road,37000,4+,T1,31
714,Discount Bicycle Specialists,"1.000.000,00 €","100.000,00 €",Primary International,BS,1971,Road,28000,4+,DSL,28
716,Famous Bike Sales and Service,"1.000.000,00 €","100.000,00 €",Reserve Security,BS,2001,Road,26000,4+,DSL,25
718,First Supplies,"1.000.000,00 €","100.000,00 €",United Security,BS,1996,Touring,26000,4+,T1,22
720,Machines & Cycles Store,"800.000,00 €","80.000,00 €",International Bank,BS,1990,Touring,22000,2,T2,19
722,Pedals Warehouse,"800.000,00 €","80.000,00 €",Primary Bank & Reserve,BS,1984,Road,20000,2,T1,16
724,Two Wheels Cycle Store,"800.000,00 €","80.000,00 €",International Security,BS,1978,Road,22000,2,T1,13
726,Westside Cycle Store,"800.000,00 €","80.000,00 €",Guardian Bank,BS,1972,Road,20000,4+,T1,10
728,Wholesale Bikes,"1.000.000,00 €","100.000,00 €",International Security,BS,1998,Road,27000,3,DSL,27
730,Very Best Sports Supply,"1.000.000,00 €","100.000,00 €",Guardian Bank,BS,1971,Road,28000,4+,DSL,28
732,Urban Sports Emporium,"1.000.000,00 €","100.000,00 €",Primary International,BS,2001,Road,24000,4+,DSL,29
734,Superlative Bikes,"1.500.000,00 €","150.000,00 €",Reserve Security,BS,1996,Mountain,36000,4+,T1,30
736,Primary Cycle Shop,"1.500.000,00 €","150.000,00 €",Reserve Security,BS,1977,Road,37000,4+,DSL,41
738,Sixth Bike Store,"1.500.000,00 €","150.000,00 €",United Security,BS,1985,Mountain,37000,2,T1,42
740,Touring Services,"1.500.000,00 €","150.000,00 €",International Bank,BS,1980,Road,38000,4+,DSL,43
742,Vehicle Shop,"1.500.000,00 €","150.000,00 €",Primary Bank & Reserve,BS,1988,Road,38000,2,DSL,44
744,First Department Stores,"1.500.000,00 €","150.000,00 €",International Security,BS,1983,Mountain,38000,3,DSL,45
746,Grand Sport Boutique,"1.500.000,00 €","150.000,00 €",Guardian Bank,BS,1991,Road,39000,4+,T1,46
748,Major Equipment Co,"1.500.000,00 €","150.000,00 €",Primary International,BS,1986,Touring,37000,2,DSL,47
750,Custom Sales and Service,"1.500.000,00 €","150.000,00 €",Reserve Security,BS,1994,Road,39000,4+,DSL,48
752,Elemental Sporting Goods,"1.500.000,00 €","150.000,00 €",United Security,BS,1989,Mountain,41000,4+,T1,49
754,Distinctive Store,"1.500.000,00 €","150.000,00 €",International Bank,BS,1997,Road,37000,4+,T1,46
756,Grand Cycle Store,"1.500.000,00 €","150.000,00 €",Primary Bank & Reserve,BS,1992,Road,41000,2,DSL,43
758,Nearby Bike Mall,"3.000.000,00 €","300.000,00 €",United Security,OS,1983,Road,74000,2,DSL,87
760,Handy Bike Services,"3.000.000,00 €","300.000,00 €",Reserve Security,OS,1975,Mountain,76000,4+,T1,88
762,Friendly Bike Shop,"3.000.000,00 €","300.000,00 €",Primary International,OS,1980,Road,75000,2,DSL,89
764,Fashionable Bikes and Accessories,"3.000.000,00 €","300.000,00 €",Guardian Bank,OS,1972,Mountain,76000,3,T1,90
766,Extreme Toy Store,"3.000.000,00 €","300.000,00 €",International Security,OS,1977,Mountain,75000,2,DSL,91
768,Citywide Service and Repair,"3.000.000,00 €","300.000,00 €",Primary Bank & Reserve,OS,1987,Road,79000,3,DSL,92
770,Best Cycle Store,"3.000.000,00 €","300.000,00 €",International Bank,OS,1974,Touring,78000,4+,T1,93
772,Professional Sporting Goods,"3.000.000,00 €","300.000,00 €",United Security,OS,1974,Touring,78000,2,DSL,94
774,Rugged Bikes,"3.000.000,00 €","300.000,00 €",Reserve Security,OS,1980,Touring,77000,2,DSL,95
776,Principal Bike Company,"3.000.000,00 €","300.000,00 €",Primary International,OS,1986,Road,79000,3,DSL,96
778,One-Piece Handle Bars,"3.000.000,00 €","300.000,00 €",Guardian Bank,OS,1992,Mountain,80000,3,T1,97
780,Finer Riding Supplies,"3.000.000,00 €","300.000,00 €",International Security,OS,1998,Road,78000,4+,DSL,98
782,Neighborhood Store,"3.000.000,00 €","300.000,00 €",Primary International,OS,1983,Road,77000,2,DSL,87
784,Online Bike Catalog,"3.000.000,00 €","300.000,00 €",Guardian Bank,OS,1975,Touring,74000,3,T2,88
786,Outdoor Equipment Store,"3.000.000,00 €","300.000,00 €",International Security,OS,1980,Road,76000,4+,T2,89
788,Paint Supply,"3.000.000,00 €","300.000,00 €",Primary Bank & Reserve,OS,1972,Mountain,78000,4+,T1,90
790,Preferred Bikes,"3.000.000,00 €","300.000,00 €",International Bank,OS,1977,Road,77000,4+,ISDN,91
792,Rally Day Mall,"3.000.000,00 €","300.000,00 €",United Security,OS,1987,Road,75000,3,DSL,92
794,Rewarding Activities Company,"3.000.000,00 €","300.000,00 €",Reserve Security,OS,1974,Road,76000,4+,T1,93
796,Rich Department Store,"3.000.000,00 €","300.000,00 €",Primary International,OS,1974,Touring,76000,2,DSL,94
798,Sales and Supply Company,"3.000.000,00 €","300.000,00 €",Guardian Bank,OS,1980,Road,75000,2,T2,95
800,Stationary Bikes and Stands,"3.000.000,00 €","300.000,00 €",International Security,OS,1986,Road,76000,4+,DSL,96
802,Successful Sales Company,"1.500.000,00 €","150.000,00 €",Guardian Bank,BS,1997,Road,38000,3,T1,46
804,Downtown Hotel,"3.000.000,00 €","300.000,00 €",International Bank,OS,1986,Mountain,74000,4+,DSL,85
806,Certified Sports Supply,"3.000.000,00 €","300.000,00 €",United Security,OS,1978,Mountain,78000,4+,DSL,86
808,Registered Cycle Store,"3.000.000,00 €","300.000,00 €",Reserve Security,OS,1983,Mountain,77000,3,T1,87
810,Rampart Amusement Company,"3.000.000,00 €","300.000,00 €",Primary International,OS,1975,Touring,75000,3,ISDN,88
812,Sundry Sporting Goods,"300.000,00 €","30.000,00 €",Primary Bank & Reserve,BM,1984,Road,7000,4+,T2,5
814,Excellent Riding Supplies,"300.000,00 €","30.000,00 €",International Security,BM,1979,Road,9000,3,ISDN,6
816,Farthermost Bike Shop,"300.000,00 €","30.000,00 €",Guardian Bank,BM,1987,Road,8000,3,T1,7
818,Suburban Cycle Shop,"300.000,00 €","30.000,00 €",Primary International,BM,1982,Mountain,10000,3,DSL,8
820,Weekend Tours,"300.000,00 €","30.000,00 €",Reserve Security,BM,1990,Road,9000,AW,DSL,9
822,Racing Bike Outlet,"3.000.000,00 €","300.000,00 €",United Security,OS,1998,Road,72000,2,DSL,52
824,Utilitarian Sporting Goods,"3.000.000,00 €","300.000,00 €",Reserve Security,OS,1999,Touring,72000,3,DSL,55
826,Bike Goods ,"3.000.000,00 €","300.000,00 €",Primary International,OS,1999,Road,73000,4+,T2,58
828,Vigorous Exercise Company,"3.000.000,00 €","300.000,00 €",Guardian Bank,OS,1979,Mountain,72000,2,T1,61
830,Showcase for Cycles,"3.000.000,00 €","300.000,00 €",International Security,OS,1996,Road,71000,2,T1,64
832,Lease-a-Bike Shop,"3.000.000,00 €","300.000,00 €",Primary Bank & Reserve,OS,1991,Road,71000,3,ISDN,67
834,Functional Store South,"3.000.000,00 €","300.000,00 €",International Bank,OS,1993,Mountain,71000,2,DSL,70
836,Active Cycling,"3.000.000,00 €","300.000,00 €",United Security,OS,1998,Road,73000,4+,DSL,73
838,Stock Parts and Supplies,"3.000.000,00 €","300.000,00 €",Reserve Security,OS,1990,Touring,76000,2,DSL,76
840,Roadway Supplies,"3.000.000,00 €","300.000,00 €",Primary International,OS,1995,Road,73000,4+,DSL,79
842,Sensational Discount Store,"3.000.000,00 €","300.000,00 €",Guardian Bank,OS,1987,Road,73000,2,T1,80
844,Future Bikes,"3.000.000,00 €","300.000,00 €",Guardian Bank,OS,1992,Road,74000,3,DSL,81
846,Super Sports Store,"3.000.000,00 €","300.000,00 €",Primary Bank & Reserve,OS,1999,Road,78000,2,DSL,100
848,Satin Finish Company,"3.000.000,00 €","300.000,00 €",International Bank,OS,1979,Mountain,74000,2,T1,66
850,Regional Manufacturing,"1.500.000,00 €","150.000,00 €",Primary Bank & Reserve,OS,1974,Mountain,38000,4+,DSL,40
852,Original Bicycle Supply Company,"1.500.000,00 €","150.000,00 €",International Bank,OS,1980,Mountain,38000,4+,T1,43
854,First Center,"1.500.000,00 €","150.000,00 €",United Security,OS,1986,Mountain,39000,2,T2,46
856,Action Bicycle Specialists,"1.500.000,00 €","150.000,00 €",Reserve Security,OS,1992,Touring,40000,2,DSL,49
858,Roadway Bike Emporium,"3.000.000,00 €","300.000,00 €",Primary International,OS,1998,Touring,68000,3,T1,52
860,Sleek Bikes ,"3.000.000,00 €","300.000,00 €",Guardian Bank,OS,1999,Touring,70000,3,DSL,55
862,Retail Sporting Equipment,"3.000.000,00 €","300.000,00 €",International Security,OS,1999,Mountain,72000,4+,T1,58
864,Price-Cutter Discount Bikes,"3.000.000,00 €","300.000,00 €",Primary Bank & Reserve,OS,1979,Road,70000,4+,DSL,61
866,Brand New Bikes,"3.000.000,00 €","300.000,00 €",International Bank,OS,1996,Road,73000,4+,ISDN,64
868,Central Bicycle Specialists,"3.000.000,00 €","300.000,00 €",United Security,OS,1991,Touring,71000,2,DSL,67
870,Vast Bike Sales and Rental,"3.000.000,00 €","300.000,00 €",Reserve Security,OS,1993,Mountain,73000,4+,ISDN,70
872,Summer Sports Place,"3.000.000,00 €","300.000,00 €",Primary International,OS,1998,Mountain,73000,3,T2,73
874,Real Sporting Goods,"3.000.000,00 €","300.000,00 €",Guardian Bank,OS,1990,Mountain,72000,3,DSL,76
876,Versatile Sporting Goods Company,"3.000.000,00 €","300.000,00 €",Primary Bank & Reserve,OS,1996,Road,74000,2,DSL,64
878,Bicycle Outfitters,"3.000.000,00 €","300.000,00 €",International Bank,OS,1991,Road,72000,3,DSL,67
880,The Bike Shop,"3.000.000,00 €","300.000,00 €",United Security,OS,1993,Mountain,73000,3,T1,70
882,Safe Toys,"3.000.000,00 €","300.000,00 €",Reserve Security,OS,1998,Mountain,74000,2,T1,73
884,Qualified Sales and Repair Services,"3.000.000,00 €","300.000,00 €",Primary International,OS,1990,Road,75000,4+,DSL,76
886,Our Sporting Goods Store,"3.000.000,00 €","300.000,00 €",Guardian Bank,OS,1995,Road,76000,4+,DSL,79
888,Lustrous Paints and Components,"3.000.000,00 €","300.000,00 €",International Security,OS,1987,Road,77000,4+,T1,80
890,Expert Sports Store,"3.000.000,00 €","300.000,00 €",Primary Bank & Reserve,OS,1992,Mountain,77000,3,T1,81
892,Coho Sports,"3.000.000,00 €","300.000,00 €",International Bank,OS,1984,Mountain,75000,3,T2,82
894,Jumbo Bikes,"1.500.000,00 €","150.000,00 €",United Security,BS,1977,Touring,39000,2,DSL,41
896,Quick Delivery Service,"1.500.000,00 €","150.000,00 €",International Bank,BS,1985,Mountain,37000,4+,T3,42
898,Tough and Reliable Parts,"1.500.000,00 €","150.000,00 €",Primary Bank & Reserve,BS,1980,Road,40000,3,DSL,43
900,Basic Sports Equipment,"1.500.000,00 €","150.000,00 €",International Security,BS,1988,Mountain,38000,3,DSL,44
902,Cash & Carry Bikes,"1.500.000,00 €","150.000,00 €",Guardian Bank,BS,1983,Mountain,39000,2,DSL,45
904,Convenient Bike Shop,"1.500.000,00 €","150.000,00 €",Primary International,BS,1991,Road,38000,3,T2,46
906,Fitness Bike Accessories,"1.500.000,00 €","150.000,00 €",Reserve Security,BS,1986,Touring,39000,3,T1,47
908,General Bike Corporation,"1.500.000,00 €","150.000,00 €",United Security,BS,1994,Road,38000,4+,DSL,48
910,Quitting Business Distributors,"1.500.000,00 €","150.000,00 €",International Bank,BS,1989,Touring,40000,2,ISDN,49
912,Retail Cycle Shop,"1.500.000,00 €","150.000,00 €",Primary Bank & Reserve,BS,1997,Mountain,38000,3,T1,46
914,Social Activities Club,"1.500.000,00 €","150.000,00 €",International Security,BS,1992,Road,39000,4+,T2,43
916,Blue Bicycle Company,"1.500.000,00 €","150.000,00 €",Guardian Bank,BS,1995,Road,36000,4+,DSL,40
918,Expert Cycle Store,"1.500.000,00 €","150.000,00 €",Primary International,BS,1995,Touring,38000,4+,DSL,37
920,General Riding Supplies,"1.500.000,00 €","150.000,00 €",Reserve Security,BS,1983,Mountain,36000,3,DSL,34
922,Parts Shop,"1.500.000,00 €","150.000,00 €",United Security,BS,1998,Road,38000,3,T3,31
924,Riding Excursions,"1.000.000,00 €","100.000,00 €",International Bank,BS,1971,Road,27000,4+,T1,28
926,Unique Bikes,"1.000.000,00 €","100.000,00 €",Primary Bank & Reserve,BS,2001,Mountain,27000,3,DSL,25
928,Rural Cycle Emporium,"800.000,00 €","80.000,00 €",Primary International,BM,1988,Mountain,21000,4+,DSL,11
930,Associated Bikes,"300.000,00 €","30.000,00 €",Reserve Security,BM,1982,Mountain,7000,3,DSL,8
932,Modular Cycle Systems,"300.000,00 €","30.000,00 €",United Security,BM,1976,Road,6000,2,DSL,5
934,A Bike Store,"300.000,00 €","30.000,00 €",International Bank,BM,1970,Road,7000,AW,T1,2
936,Journey Sporting Goods,"800.000,00 €","80.000,00 €",Primary Bank & Reserve,BM,1996,Mountain,21000,3,DSL,13
938,Two Bike Shops,"800.000,00 €","80.000,00 €",International Security,BM,1991,Road,20000,3,T1,14
940,Cycles Wholesaler & Mfg.,"800.000,00 €","80.000,00 €",Guardian Bank,BM,1999,Touring,21000,4+,T2,15
942,Wheels Inc.,"800.000,00 €","80.000,00 €",Primary International,BM,1994,Road,19000,4+,T1,16
944,Number One Bike Co.,"1.500.000,00 €","150.000,00 €",Guardian Bank,BS,1982,Road,40000,4+,T1,40
946,Racing Supply Distributors,"1.500.000,00 €","150.000,00 €",Primary International,BS,1977,Touring,38000,3,DSL,41
948,Standard Bikes,"1.500.000,00 €","150.000,00 €",Reserve Security,BS,1985,Mountain,38000,4+,DSL,42
950,The Bicycle Accessories Company,"1.500.000,00 €","150.000,00 €",United Security,BS,1980,Road,37000,4+,T1,43
952,Active Systems,"1.500.000,00 €","150.000,00 €",International Bank,BS,1988,Road,39000,4+,T1,44
954,Futuristic Sport Distributors,"3.000.000,00 €","300.000,00 €",Primary Bank & Reserve,OS,1974,Road,78000,3,DSL,94
956,Finer Sales and Service,"3.000.000,00 €","300.000,00 €",International Bank,OS,1980,Road,77000,4+,T2,95
958,Big-Time Bike Store,"3.000.000,00 €","300.000,00 €",United Security,OS,1986,Road,80000,4+,DSL,96
960,The Showroom,"3.000.000,00 €","300.000,00 €",Reserve Security,OS,1992,Road,79000,4+,DSL,97
962,Spa and Exercise Outfitters,"3.000.000,00 €","300.000,00 €",Primary International,OS,1998,Mountain,79000,4+,T1,98
964,Year-Round Sports,"3.000.000,00 €","300.000,00 €",United Security,OS,1979,Mountain,75000,4+,DSL,66
966,The New Bike Store,"1.500.000,00 €","150.000,00 €",International Bank,OS,1974,Road,37000,4+,DSL,40
968,Resident Cycle Shop,"1.500.000,00 €","150.000,00 €",United Security,OS,1980,Mountain,38000,4+,DSL,43
970,Primary Bike Distributors,"1.500.000,00 €","150.000,00 €",Reserve Security,OS,1986,Road,39000,4+,T1,46
972,Major Bicycle Store,"1.500.000,00 €","150.000,00 €",Primary International,OS,1992,Touring,41000,4+,T1,49
974,Leather and Vinyl Manufacturing,"3.000.000,00 €","300.000,00 €",Guardian Bank,OS,1998,Road,68000,2,DSL,52
976,Genial Bike Associates,"3.000.000,00 €","300.000,00 €",International Security,OS,1999,Mountain,70000,4+,T1,55
978,Commercial Sporting Goods,"3.000.000,00 €","300.000,00 €",Reserve Security,OS,1979,Mountain,74000,3,DSL,61
980,Wholesale Parts,"3.000.000,00 €","300.000,00 €",Primary International,OS,1996,Road,70000,4+,DSL,64
982,Steel Inc.,"3.000.000,00 €","300.000,00 €",Guardian Bank,OS,1991,Road,74000,4+,T1,67
984,Riding Cycles,"3.000.000,00 €","300.000,00 €",International Security,OS,1993,Road,74000,3,ISDN,70
986,Metro Manufacturing,"1.500.000,00 €","150.000,00 €",International Security,BS,1977,Mountain,36000,4+,DSL,41
988,Manufacturers Inc,"1.500.000,00 €","150.000,00 €",Guardian Bank,BS,1985,Road,39000,3,DSL,42
990,Locks Company,"1.500.000,00 €","150.000,00 €",Primary International,BS,1980,Touring,40000,4+,DSL,43
992,Latest Accessories Sales,"1.500.000,00 €","150.000,00 €",Reserve Security,BS,1988,Road,38000,4+,T1,44
994,Incomparable Bicycle Store,"1.500.000,00 €","150.000,00 €",United Security,BS,1983,Touring,41000,2,DSL,45
996,Hometown Riding Supplies,"1.500.000,00 €","150.000,00 €",International Bank,BS,1991,Mountain,38000,4+,T1,46
998,Greater Bike Store,"1.500.000,00 €","150.000,00 €",Primary Bank & Reserve,BS,1986,Mountain,39000,3,ISDN,47
1000,Games and Sport Supply Company,"1.500.000,00 €","150.000,00 €",International Security,BS,1994,Touring,42000,4+,DSL,48
1002,Distant Inn,"1.500.000,00 €","150.000,00 €",Guardian Bank,BS,1989,Road,38000,4+,DSL,49
1004,Finer Mart,"1.500.000,00 €","150.000,00 €",Primary International,BS,1997,Touring,38000,3,DSL,46
1006,Economic Parts Supply,"1.500.000,00 €","150.000,00 €",Reserve Security,BS,1992,Road,40000,4+,T1,43
1008,Precision Gears Inc.,"1.500.000,00 €","150.000,00 €",United Security,BS,1995,Road,38000,3,DSL,40
1010,Cross-Country Riding Supplies,"1.500.000,00 €","150.000,00 €",International Bank,BS,1995,Mountain,36000,3,T2,37
1012,Stylish Department Stores,"1.500.000,00 €","150.000,00 €",Primary Bank & Reserve,BS,1983,Road,39000,3,T1,34
1014,Bike World,"1.500.000,00 €","150.000,00 €",International Security,BS,1998,Mountain,35000,4+,T1,31
1016,Central Discount Store,"1.000.000,00 €","100.000,00 €",Guardian Bank,BS,1971,Mountain,25000,4+,T1,28
1018,Trusted Catalog Store,"1.000.000,00 €","100.000,00 €",Primary International,BS,2001,Mountain,25000,4+,T1,25
1020,Bicycle Warehouse Inc.,"1.000.000,00 €","100.000,00 €",Reserve Security,BS,1996,Mountain,26000,4+,ISDN,22
1022,Sharp Bikes,"800.000,00 €","80.000,00 €",United Security,BS,1990,Mountain,19000,AW,DSL,19
1024,Exemplary Cycles,"800.000,00 €","80.000,00 €",International Bank,BS,1984,Touring,20000,AW,ISDN,16
1026,Metropolitan Sports Supply,"800.000,00 €","80.000,00 €",Primary Bank & Reserve,BS,1978,Road,21000,4+,T2,13
1028,Progressive Sports,"800.000,00 €","80.000,00 €",International Security,BS,1972,Mountain,18000,3,T1,10
1030,Underglaze and Finish Company,"800.000,00 €","80.000,00 €",Reserve Security,BM,1993,Road,18000,AW,T1,11
1032,Brakes and Gears,"800.000,00 €","80.000,00 €",United Security,BM,1988,Mountain,18000,AW,DSL,12
1034,The Accessories Store,"800.000,00 €","80.000,00 €",International Bank,BM,1996,Road,18000,2,DSL,13
1036,Mountain Bike Store,"800.000,00 €","80.000,00 €",Primary Bank & Reserve,BM,1991,Touring,22000,4+,DSL,14
1038,Bike Part Wholesalers,"800.000,00 €","80.000,00 €",International Security,BM,1999,Touring,21000,3,T2,15
1040,Family Cycle Store,"800.000,00 €","80.000,00 €",Guardian Bank,BM,1994,Mountain,18000,4+,DSL,16
1042,Popular Bike Lines,"800.000,00 €","80.000,00 €",Primary International,BM,1987,Touring,20000,4+,T1,17
1044,Superb Sales and Repair,"800.000,00 €","80.000,00 €",Reserve Security,BM,1997,Road,19000,3,DSL,18
1046,Better Bike Shop,"800.000,00 €","80.000,00 €",United Security,BM,1975,Mountain,19000,4+,DSL,19
1048,Countryside Company,"1.000.000,00 €","100.000,00 €",International Bank,BM,2000,Mountain,26000,2,ISDN,20
1050,First Bike Store,"800.000,00 €","80.000,00 €",Primary Bank & Reserve,BM,2000,Road,21000,3,DSL,17
1052,Traditional Department Stores,"800.000,00 €","80.000,00 €",International Security,BM,1994,Mountain,18000,2,T1,14
1054,Eastside Cycle Shop,"800.000,00 €","80.000,00 €",Guardian Bank,BM,1988,Touring,21000,2,T1,11
1056,General Department Stores,"300.000,00 €","30.000,00 €",Primary International,BM,1982,Mountain,11000,3,DSL,8
1058,Mass Market Bikes,"300.000,00 €","30.000,00 €",Reserve Security,BM,1976,Touring,7000,AW,DSL,5
1060,Operational Manufacturing,"300.000,00 €","30.000,00 €",United Security,BM,1970,Mountain,8000,3,DSL,2
1062,Online Bike Warehouse,"800.000,00 €","80.000,00 €",Primary International,BM,1997,Road,21000,4+,ISDN,17
1064,Retread Tire Company,"800.000,00 €","80.000,00 €",Reserve Security,BM,1975,Road,20000,2,T1,18
1066,Small Bike Shop,"800.000,00 €","80.000,00 €",United Security,BM,2000,Mountain,23000,4+,T1,19
1068,Superior Hardware Distributors,"1.000.000,00 €","100.000,00 €",International Bank,BM,2000,Mountain,25000,2,T1,20
1070,Fitness Sport Boutique,"800.000,00 €","80.000,00 €",Primary Bank & Reserve,BM,1994,Mountain,23000,2,DSL,18
1072,Producer Goods Clearinghouse,"800.000,00 €","80.000,00 €",International Security,BM,1988,Road,22000,4+,T1,16
1074,Recreation Systems,"800.000,00 €","80.000,00 €",Guardian Bank,BM,1982,Road,20000,4+,DSL,14
1076,Rustic Bike Store,"800.000,00 €","80.000,00 €",Primary International,BM,1976,Touring,19000,4+,DSL,12
1078,Eastside Parts Shop,"800.000,00 €","80.000,00 €",Reserve Security,BM,1970,Touring,17000,AW,DSL,10
1080,Exchange Parts Inc.,"300.000,00 €","30.000,00 €",United Security,BM,1975,Touring,9000,4+,T2,8
1082,First Cycle Store,"300.000,00 €","30.000,00 €",International Bank,BM,1970,Road,9000,AW,T2,6
1084,Running and Cycling Gear,"300.000,00 €","30.000,00 €",Primary Bank & Reserve,BM,1978,Touring,7000,3,T2,4
1086,Seventh Bike Store,"300.000,00 €","30.000,00 €",International Security,BM,1973,Road,10000,AW,DSL,2
1088,Fast Services,"300.000,00 €","30.000,00 €",Guardian Bank,BM,1981,Road,9000,3,DSL,3
1090,General Associates,"300.000,00 €","30.000,00 €",Primary International,BM,1976,Road,9000,2,T1,4
1092,Good Toys,"300.000,00 €","30.000,00 €",Reserve Security,BM,1984,Road,9000,3,T1,5
1094,Little Bicycle Supply Shop,"300.000,00 €","30.000,00 €",United Security,BM,1979,Road,11000,4+,DSL,6
1096,Retail Toy Store,"300.000,00 €","30.000,00 €",International Bank,BM,1987,Road,8000,4+,T1,7
1098,Strenuous Exercise Shop,"300.000,00 €","30.000,00 €",Primary Bank & Reserve,BM,1982,Mountain,7000,4+,T2,8
1100,All Seasons Sports Supply,"300.000,00 €","30.000,00 €",International Security,BM,1990,Touring,10000,AW,DSL,9
1102,Leisure Clearing House,"800.000,00 €","80.000,00 €",Guardian Bank,BM,1970,Road,20000,2,DSL,10
1104,Outdoor Toy Store,"300.000,00 €","30.000,00 €",Primary International,BM,1975,Mountain,8000,3,ISDN,8
1106,The Commissary,"300.000,00 €","30.000,00 €",Reserve Security,BM,1970,Road,9000,3,DSL,6
1108,Affordable Sports Equipment,"300.000,00 €","30.000,00 €",United Security,BM,1978,Road,8000,AW,DSL,4
1110,Local Sales and Rental,"300.000,00 €","30.000,00 €",International Bank,BM,1973,Touring,10000,2,DSL,2
1112,Economy Center,"1.500.000,00 €","150.000,00 €",International Bank,BS,1998,Mountain,35000,4+,T2,31
1114,Community Department Stores,"1.500.000,00 €","150.000,00 €",United Security,BS,1983,Mountain,36000,3,T2,34
1116,Area Sheet Metal Supply,"1.500.000,00 €","150.000,00 €",Reserve Security,BS,1995,Road,36000,4+,T2,37
1118,Synthetic Materials Manufacturing,"1.500.000,00 €","150.000,00 €",Primary International,BS,1995,Road,39000,2,DSL,40
1120,Rural Sales and Service,"1.500.000,00 €","150.000,00 €",Guardian Bank,BS,1992,Road,37000,3,DSL,43
1122,Tubeless Tire Company,"3.000.000,00 €","300.000,00 €",International Bank,OS,1980,Touring,75000,4+,DSL,89
1124,Tires and Tubes,"3.000.000,00 €","300.000,00 €",United Security,OS,1972,Mountain,79000,4+,T2,90
1126,Hardware Components,"3.000.000,00 €","300.000,00 €",Reserve Security,OS,1977,Mountain,75000,2,T1,91
1128,Retail Sporting Goods,"3.000.000,00 €","300.000,00 €",Primary International,OS,1987,Road,78000,4+,DSL,92
1130,Efficient Cycling,"3.000.000,00 €","300.000,00 €",Guardian Bank,OS,1974,Touring,77000,3,DSL,93
1132,General Industries,"1.500.000,00 €","150.000,00 €",Primary International,BS,1994,Road,42000,4+,T1,48
1134,Highway Bike Shop,"1.500.000,00 €","150.000,00 €",Reserve Security,BS,1989,Road,40000,2,DSL,49
1136,Rental Bikes,"1.500.000,00 €","150.000,00 €",United Security,BS,1997,Road,40000,4+,T1,46
1138,Roving Sports,"1.500.000,00 €","150.000,00 €",International Bank,BS,1992,Road,41000,3,ISDN,43
1140,Express Bike Services,"1.500.000,00 €","150.000,00 €",Primary Bank & Reserve,BS,1995,Mountain,38000,4+,DSL,40
1142,Major Amusement Company,"1.500.000,00 €","150.000,00 €",International Security,BS,1995,Mountain,36000,4+,DSL,37
1144,Retail Discount Store,"1.500.000,00 €","150.000,00 €",Guardian Bank,BS,1983,Road,37000,3,T1,34
1146,Vale Riding Supplies,"1.500.000,00 €","150.000,00 €",Primary International,BS,1998,Touring,37000,4+,T2,31
1148,A Great Bicycle Company,"1.000.000,00 €","100.000,00 €",Reserve Security,BS,1971,Road,28000,3,T2,28
1150,Certified Bicycle Supply,"1.000.000,00 €","100.000,00 €",United Security,BS,2001,Road,24000,2,ISDN,25
1152,Exceptional Cycle Services,"1.000.000,00 €","100.000,00 €",International Bank,BS,1996,Touring,27000,4+,DSL,22
1154,Instant Cycle Store,"800.000,00 €","80.000,00 €",Primary Bank & Reserve,BS,1990,Road,23000,4+,T1,19
1156,Leisure Activities,"800.000,00 €","80.000,00 €",International Security,BS,1984,Mountain,22000,4+,DSL,16
1158,Paints and Solvents Company,"800.000,00 €","80.000,00 €",Guardian Bank,BS,1978,Touring,18000,3,T1,13
1160,West Wind Distributors,"1.000.000,00 €","100.000,00 €",International Bank,BS,2001,Touring,27000,3,T1,29
1162,Bikes for Kids and Adults,"1.500.000,00 €","150.000,00 €",Primary Bank & Reserve,BS,1996,Mountain,36000,4+,DSL,30
1164,Consolidated Sales,"1.500.000,00 €","150.000,00 €",International Security,BS,1990,Mountain,38000,3,DSL,31
1166,Home Town Bike Store,"800.000,00 €","80.000,00 €",United Security,BM,1988,Touring,20000,3,T2,11
1168,Optimal Bikes,"300.000,00 €","30.000,00 €",International Bank,BM,1982,Road,10000,2,T1,8
1170,Sample Bike Store,"300.000,00 €","30.000,00 €",Primary Bank & Reserve,BM,1976,Road,7000,AW,DSL,5
1172,Extras Sporting Goods,"300.000,00 €","30.000,00 €",International Security,BM,1970,Road,7000,3,DSL,2
1174,Sure & Reliable Sporting Goods,"800.000,00 €","80.000,00 €",International Bank,BM,1997,Road,22000,4+,DSL,17
1176,Eleventh Bike Store,"800.000,00 €","80.000,00 €",Primary Bank & Reserve,BM,1975,Road,22000,4+,DSL,18
1178,Enterprise Center,"800.000,00 €","80.000,00 €",International Security,BM,2000,Touring,23000,4+,T1,19
1180,Purple Bicycle Company,"1.000.000,00 €","100.000,00 €",Guardian Bank,BM,2000,Road,27000,2,DSL,20
1182,New and Used Bicycles,"800.000,00 €","80.000,00 €",Primary International,BM,1994,Road,20000,AW,DSL,18
1184,Separate Parts Corporation,"800.000,00 €","80.000,00 €",Reserve Security,BM,1988,Road,21000,3,DSL,16
1186,Basic Bike Company,"800.000,00 €","80.000,00 €",United Security,BM,1982,Road,20000,2,DSL,14
1188,"Fabrikam Inc., West","800.000,00 €","80.000,00 €",International Bank,BM,1976,Mountain,18000,4+,DSL,12
1190,Mechanical Brake Manufacturers,"800.000,00 €","80.000,00 €",Primary Bank & Reserve,BM,1970,Touring,21000,3,T1,10
1192,Non-Slip Pedal Company,"300.000,00 €","30.000,00 €",International Security,BM,1975,Road,11000,AW,DSL,8
1194,Variety Bike Outlet,"300.000,00 €","30.000,00 €",Guardian Bank,BM,1970,Mountain,9000,AW,DSL,6
1196,Weekend Bike Tours,"300.000,00 €","30.000,00 €",Primary International,BM,1978,Road,7000,AW,DSL,4
1198,"Fabrikam Inc., East","800.000,00 €","80.000,00 €",Guardian Bank,BM,1993,Road,20000,AW,DSL,11
1200,General Supplies,"800.000,00 €","80.000,00 €",Primary International,BM,1988,Road,21000,3,T2,12
1202,Noiseless Gear Company,"800.000,00 €","80.000,00 €",Reserve Security,BM,1996,Mountain,20000,4+,DSL,13
1204,Racing Toys,"800.000,00 €","80.000,00 €",United Security,BM,1991,Road,18000,2,DSL,14
1206,Capable Sales and Service,"300.000,00 €","30.000,00 €",Primary Bank & Reserve,BM,1981,Mountain,10000,4+,DSL,3
1208,Little Sports Center,"300.000,00 €","30.000,00 €",International Security,BM,1976,Touring,10000,4+,DSL,4
1210,Pretty Bikes and Toys,"300.000,00 €","30.000,00 €",Guardian Bank,BM,1984,Road,6000,3,T2,5
1212,Road Way Sales and Rental,"300.000,00 €","30.000,00 €",Primary International,BM,1979,Mountain,10000,3,T1,6
1214,Sturdy Toys,"300.000,00 €","30.000,00 €",Reserve Security,BM,1987,Mountain,9000,2,DSL,7
1216,Beneficial Exercises and Activities,"300.000,00 €","30.000,00 €",United Security,BM,1982,Road,9000,2,T1,8
1218,Fad Outlet,"300.000,00 €","30.000,00 €",International Bank,BM,1990,Road,8000,AW,DSL,9
1220,Commerce Bicycle Specialists,"800.000,00 €","80.000,00 €",Primary Bank & Reserve,BM,1985,Mountain,19000,4+,ISDN,10
1222,Township Inn,"800.000,00 €","80.000,00 €",International Security,BM,1993,Road,18000,4+,ISDN,11
1224,Acceptable Sales & Service,"800.000,00 €","80.000,00 €",Guardian Bank,BM,1988,Road,21000,AW,DSL,12
1226,Brown Bicycle Company,"800.000,00 €","80.000,00 €",Primary International,BM,1996,Road,19000,2,DSL,13
1228,District Mall,"800.000,00 €","80.000,00 €",Reserve Security,BM,1991,Road,19000,4+,T1,14
1230,Fitness Supplies,"800.000,00 €","80.000,00 €",United Security,BM,1999,Touring,19000,4+,T2,15
1232,Mail Market,"800.000,00 €","80.000,00 €",International Bank,BM,1994,Touring,19000,AW,DSL,16
1234,Spare Parts Co.,"800.000,00 €","80.000,00 €",Primary Bank & Reserve,BM,1987,Mountain,19000,4+,DSL,17
1236,Twelfth Bike Store,"800.000,00 €","80.000,00 €",International Security,BM,1997,Mountain,21000,4+,T1,18
1238,Consolidated Messenger,"300.000,00 €","30.000,00 €",Guardian Bank,BM,1982,Road,7000,3,DSL,8
1240,Daring Rides,"300.000,00 €","30.000,00 €",Primary International,BM,1976,Road,10000,4+,T2,5
1242,Field Trip Store,"300.000,00 €","30.000,00 €",Reserve Security,BM,1970,Mountain,8000,3,T2,2
1244,Finish and Sealant Products,"800.000,00 €","80.000,00 €",Guardian Bank,BM,1997,Road,22000,AW,DSL,17
1246,Finer Parts Shop,"800.000,00 €","80.000,00 €",Primary International,BM,1975,Mountain,19000,2,DSL,18
1248,Glossy Bikes,"800.000,00 €","80.000,00 €",Reserve Security,BM,2000,Touring,22000,2,DSL,19
1250,Next Door Cycles,"1.000.000,00 €","100.000,00 €",United Security,BM,2000,Touring,27000,3,T2,20
1252,Up-To-Date Sports,"1.000.000,00 €","100.000,00 €",International Security,BM,2000,Mountain,26000,4+,DSL,20
1254,Mountain Bike Center,"800.000,00 €","80.000,00 €",Guardian Bank,BM,1994,Road,20000,4+,DSL,18
1256,Specialty Sports Store,"800.000,00 €","80.000,00 €",Primary International,BM,1988,Mountain,20000,AW,T2,16
1258,Scooters and Bikes Store,"800.000,00 €","80.000,00 €",Reserve Security,BM,1982,Road,21000,2,DSL,14
1260,Closest Bicycle Store,"800.000,00 €","80.000,00 €",United Security,BM,1976,Mountain,22000,3,T1,12
1262,Roadway Bicycle Supply,"800.000,00 €","80.000,00 €",International Bank,BM,1970,Touring,19000,4+,DSL,10
1264,Refined Department Stores,"300.000,00 €","30.000,00 €",Primary Bank & Reserve,BM,1975,Road,7000,3,T2,8
1266,Reasonable Bicycle Sales,"300.000,00 €","30.000,00 €",International Security,BM,1970,Road,10000,3,DSL,6
1268,Out-of-the-Way Hotels,"300.000,00 €","30.000,00 €",Guardian Bank,BM,1978,Mountain,8000,3,DSL,4
1270,Outdoor Sports Supply,"300.000,00 €","30.000,00 €",Primary International,BM,1973,Mountain,9000,AW,DSL,2
1272,Outdoor Aerobic Systems Company,"300.000,00 €","30.000,00 €",Reserve Security,BM,1981,Road,8000,AW,DSL,3
1274,Self-Contained Cycle Parts Company,"300.000,00 €","30.000,00 €",United Security,BM,1976,Road,7000,3,DSL,4
1276,Metal Clearing House,"300.000,00 €","30.000,00 €",International Bank,BM,1984,Touring,9000,3,T2,5
1278,Many Bikes Store,"300.000,00 €","30.000,00 €",Primary Bank & Reserve,BM,1979,Mountain,10000,3,DSL,6
1280,Largest Bike Store,"300.000,00 €","30.000,00 €",International Security,BM,1987,Road,7000,AW,T1,7
1282,Kickstands and Accessories Company,"300.000,00 €","30.000,00 €",Guardian Bank,BM,1982,Touring,10000,2,T1,8
1284,Instruments and Parts Company,"300.000,00 €","30.000,00 €",Primary International,BM,1990,Touring,8000,3,T1,9
1286,Neighborhood Bicycle Storehouse,"800.000,00 €","80.000,00 €",Reserve Security,BM,1985,Touring,17000,3,T1,10
1288,Gear-Shift Bikes Limited,"800.000,00 €","80.000,00 €",United Security,BM,1993,Road,21000,AW,T1,11
1290,Frugal Bike Shop,"800.000,00 €","80.000,00 €",International Bank,BM,1988,Mountain,21000,2,T1,12
1292,Family Entertainment Center,"3.000.000,00 €","300.000,00 €",Guardian Bank,OS,1980,Touring,75000,4+,DSL,89
1294,Go-cart and Bike Specialists,"3.000.000,00 €","300.000,00 €",International Security,OS,1972,Mountain,78000,4+,DSL,90
1296,Trailblazing Sports,"3.000.000,00 €","300.000,00 €",Primary Bank & Reserve,OS,1977,Mountain,78000,3,T1,91
1298,Racing Partners,"3.000.000,00 €","300.000,00 €",International Bank,OS,1987,Mountain,79000,4+,DSL,92
1300,Perfect Toys,"3.000.000,00 €","300.000,00 €",United Security,OS,1974,Touring,76000,2,ISDN,93
1302,Exhibition Showroom,"3.000.000,00 €","300.000,00 €",Reserve Security,OS,1974,Mountain,77000,2,DSL,94
1304,Authorized Bike Sales and Rental,"3.000.000,00 €","300.000,00 €",Primary International,OS,1980,Touring,75000,3,T1,95
1306,Two-Seater Bikes,"3.000.000,00 €","300.000,00 €",Guardian Bank,OS,1986,Touring,80000,2,T1,96
1308,More Bikes!,"3.000.000,00 €","300.000,00 €",Primary Bank & Reserve,OS,1992,Road,79000,3,T2,97
1310,Unified Sports Company,"3.000.000,00 €","300.000,00 €",International Bank,OS,1998,Mountain,80000,4+,ISDN,98
1312,National Manufacturing,"3.000.000,00 €","300.000,00 €",United Security,OS,1999,Road,80000,3,DSL,99
1314,Volume Bike Sellers,"3.000.000,00 €","300.000,00 €",Reserve Security,OS,1999,Mountain,78000,4+,DSL,100
1316,Wheelsets Storehouse,"3.000.000,00 €","300.000,00 €",Primary International,OS,1979,Road,73000,2,T1,66
1318,Town Industries,"1.500.000,00 €","150.000,00 €",Reserve Security,OS,1974,Touring,38000,2,DSL,40
1320,Security Racks and Locks Wholesalers,"1.500.000,00 €","150.000,00 €",Primary International,OS,1980,Mountain,41000,4+,DSL,43
1322,Rapid Bikes,"1.500.000,00 €","150.000,00 €",Guardian Bank,OS,1986,Mountain,40000,2,T2,46
1324,Metro Sports Equipment,"1.500.000,00 €","150.000,00 €",International Security,OS,1992,Mountain,41000,4+,T1,49
1326,Nearby Sporting Goods,"3.000.000,00 €","300.000,00 €",Primary Bank & Reserve,OS,1998,Road,71000,4+,DSL,52
1328,Front Sporting Goods,"3.000.000,00 €","300.000,00 €",International Bank,OS,1999,Mountain,70000,2,DSL,55
1330,Elite Bikes,"3.000.000,00 €","300.000,00 €",United Security,OS,1999,Road,69000,2,DSL,58
1332,Catalog Store,"3.000.000,00 €","300.000,00 €",United Security,OS,1999,Mountain,69000,3,ISDN,55
1334,Chic Department Stores,"3.000.000,00 €","300.000,00 €",Reserve Security,OS,1999,Mountain,71000,4+,T1,58
1336,Eastside Department Store,"3.000.000,00 €","300.000,00 €",Primary International,OS,1979,Road,70000,3,DSL,61
1338,Sports Sales and Rental,"3.000.000,00 €","300.000,00 €",Guardian Bank,OS,1996,Mountain,72000,4+,T2,64
1340,Cycle Merchants,"3.000.000,00 €","300.000,00 €",International Security,OS,1991,Road,75000,3,DSL,67
1342,Global Sports Outlet,"3.000.000,00 €","300.000,00 €",Primary Bank & Reserve,OS,1993,Mountain,75000,4+,DSL,70
1344,Exotic Bikes,"3.000.000,00 €","300.000,00 €",International Bank,OS,1998,Road,75000,4+,ISDN,73
1346,Fitness Hotel,"3.000.000,00 €","300.000,00 €",United Security,OS,1990,Road,75000,2,T1,76
1348,Healthy Activity Store,"3.000.000,00 €","300.000,00 €",Reserve Security,OS,1995,Mountain,74000,4+,ISDN,79
1350,Every Bike Shop,"3.000.000,00 €","300.000,00 €",Primary International,OS,1987,Road,76000,2,T1,80
1352,Grand Industries,"3.000.000,00 €","300.000,00 €",Guardian Bank,OS,1992,Touring,77000,2,T1,81
1354,Ideal Components,"3.000.000,00 €","300.000,00 €",International Security,OS,1984,Touring,76000,3,DSL,82
1356,Larger Cycle Shop,"3.000.000,00 €","300.000,00 €",Primary Bank & Reserve,OS,1989,Road,77000,4+,T1,83
1358,Leading Sales & Repair,"3.000.000,00 €","300.000,00 €",International Bank,OS,1981,Road,75000,4+,T1,84
1360,Main Bicycle Services,"3.000.000,00 €","300.000,00 €",United Security,OS,1986,Road,75000,3,T2,85
1362,Metro Bike Mart,"3.000.000,00 €","300.000,00 €",Reserve Security,OS,1978,Mountain,76000,3,DSL,86
1364,Tandem Sales and Service,"1.500.000,00 €","150.000,00 €",International Bank,BS,1972,Road,38000,4+,DSL,34
1366,Sensible Sports,"1.500.000,00 €","150.000,00 €",United Security,BS,1978,Touring,37000,2,DSL,33
1368,Reliable Retail Center,"1.500.000,00 €","150.000,00 €",Reserve Security,BS,1984,Road,35000,4+,DSL,32
1370,Liquidation Sales,"1.500.000,00 €","150.000,00 €",Primary International,BS,1990,Touring,37000,4+,T1,31
1372,Friendly Bike Shop,"1.500.000,00 €","150.000,00 €",Guardian Bank,BS,1996,Road,39000,2,ISDN,30
1374,Yellow Bicycle Company,"1.000.000,00 €","100.000,00 €",International Security,BS,2001,Mountain,26000,4+,T1,29
1376,Sports Products Store,"1.000.000,00 €","100.000,00 €",Primary Bank & Reserve,BS,1971,Road,26000,4+,DSL,28
1378,Selected Distributors,"1.000.000,00 €","100.000,00 €",International Bank,BS,1998,Mountain,27000,3,DSL,27
1380,Impervious Paint Company,"800.000,00 €","80.000,00 €",Primary Bank & Reserve,BS,1972,Mountain,18000,3,ISDN,10
1382,Shipping Specialists,"800.000,00 €","80.000,00 €",International Bank,BS,1978,Road,20000,2,DSL,13
1384,Finer Sporting Goods,"800.000,00 €","80.000,00 €",United Security,BS,1984,Touring,18000,4+,T1,16
1386,Authentic Sales and Service,"800.000,00 €","80.000,00 €",Reserve Security,BS,1990,Mountain,20000,AW,DSL,19
1388,Official Parts Shop,"1.000.000,00 €","100.000,00 €",Primary International,BS,1996,Road,24000,4+,T1,22
1390,"Contoso, Ltd.","1.000.000,00 €","100.000,00 €",Guardian Bank,BS,2001,Road,24000,4+,T2,25
1392,Discount Tours,"1.000.000,00 €","100.000,00 €",International Security,BS,1971,Road,28000,4+,DSL,28
1394,Tire Exchange,"1.500.000,00 €","150.000,00 €",Primary Bank & Reserve,BS,1998,Mountain,36000,4+,T1,31
1396,Racing Tours,"1.500.000,00 €","150.000,00 €",International Bank,BS,1983,Mountain,36000,3,T1,34
1398,Oils and Fluids Warehouse,"1.500.000,00 €","150.000,00 €",United Security,BS,1995,Mountain,37000,3,T1,37
1400,Finished Parts Shop,"1.500.000,00 €","150.000,00 €",Reserve Security,BS,1995,Mountain,36000,3,DSL,40
1402,Consumer Equipment,"1.500.000,00 €","150.000,00 €",Primary International,BS,1992,Road,37000,4+,T2,43
1404,Rally Master Company Inc,"3.000.000,00 €","300.000,00 €",International Security,OS,1992,Touring,77000,2,T2,97
1406,Professional Cyclists,"3.000.000,00 €","300.000,00 €",Primary Bank & Reserve,OS,1998,Road,77000,3,T1,98
1408,Sports Products Store,"3.000.000,00 €","300.000,00 €",International Bank,OS,1999,Road,78000,3,ISDN,99
1410,Exclusive Bicycle Mart,"3.000.000,00 €","300.000,00 €",United Security,OS,1999,Road,77000,4+,DSL,100
1412,City Manufacturing,"3.000.000,00 €","300.000,00 €",Reserve Security,OS,1979,Mountain,75000,4+,DSL,66
1414,Bike Dealers Association,"1.500.000,00 €","150.000,00 €",United Security,OS,1974,Road,40000,3,T1,40
1416,Pedal Systems Company,"1.500.000,00 €","150.000,00 €",Reserve Security,OS,1980,Road,39000,4+,T3,43
1418,"Health Spa, Limited","1.500.000,00 €","150.000,00 €",Primary International,OS,1986,Road,40000,4+,T1,46
1420,Global Bike Retailers,"1.500.000,00 €","150.000,00 €",Guardian Bank,OS,1992,Touring,40000,4+,T1,49
1422,Fashionable Department Stores,"3.000.000,00 €","300.000,00 €",International Security,OS,1998,Mountain,68000,3,DSL,52
1424,Closeout Boutique,"3.000.000,00 €","300.000,00 €",Primary Bank & Reserve,OS,1999,Mountain,70000,3,T1,55
1426,Bicycle Merchandise Warehouse,"3.000.000,00 €","300.000,00 €",International Bank,OS,1999,Road,69000,4+,T1,58
1428,Spoke Manufacturers,"3.000.000,00 €","300.000,00 €",United Security,OS,1979,Road,74000,4+,T1,61
1430,Leather Seat Factory,"3.000.000,00 €","300.000,00 €",Reserve Security,OS,1996,Mountain,72000,4+,ISDN,64
1432,Good Bicycle Store,"3.000.000,00 €","300.000,00 €",Primary International,OS,1991,Road,71000,4+,ISDN,67
1434,Endurance Bikes,"3.000.000,00 €","300.000,00 €",Guardian Bank,OS,1993,Road,75000,3,DSL,70
1436,Practical Bike Supply Company,"1.000.000,00 €","100.000,00 €",International Security,BS,2001,Mountain,26000,3,DSL,25
1438,Some Discount Store,"1.000.000,00 €","100.000,00 €",Guardian Bank,BS,1996,Mountain,27000,2,T1,22
1440,Variety Cycling,"800.000,00 €","80.000,00 €",Primary International,BS,1990,Touring,21000,AW,DSL,19
1442,Accessories Network,"800.000,00 €","80.000,00 €",Reserve Security,BS,1984,Touring,22000,2,DSL,16
1444,Remote Bicycle Specialists,"800.000,00 €","80.000,00 €",United Security,BS,1978,Road,19000,3,DSL,13
1446,Curbside Sporting Goods,"800.000,00 €","80.000,00 €",International Bank,BS,1972,Road,20000,3,DSL,10
1448,Friendly Neighborhood Bikes,"1.000.000,00 €","100.000,00 €",United Security,BS,1998,Mountain,28000,4+,DSL,27
1450,Guaranteed Sales and Service,"1.000.000,00 €","100.000,00 €",International Bank,BS,1971,Road,28000,4+,T1,28
1452,Preferable Bikes,"1.000.000,00 €","100.000,00 €",Primary Bank & Reserve,BS,2001,Touring,24000,4+,DSL,29
1454,Recommended Bicycles,"1.500.000,00 €","150.000,00 €",International Security,BS,1996,Road,35000,4+,DSL,30
1456,Sunny Place Bikes,"1.500.000,00 €","150.000,00 €",Guardian Bank,BS,1990,Road,39000,4+,DSL,31
1458,Alpine Ski House,"1.500.000,00 €","150.000,00 €",Primary International,BS,1984,Road,37000,2,DSL,32
1460,Cycles and Scooters,"1.500.000,00 €","150.000,00 €",Reserve Security,BS,1978,Road,35000,4+,T1,33
1462,Small Bike Accessories Shop,"1.500.000,00 €","150.000,00 €",United Security,BS,1972,Touring,37000,3,T2,34
1464,List Price Catalog Company,"1.500.000,00 €","150.000,00 €",International Bank,BS,1988,Touring,37000,3,DSL,35
1466,Seats and Saddles Company,"1.500.000,00 €","150.000,00 €",Primary Bank & Reserve,BS,1976,Mountain,38000,4+,DSL,36
1468,Village Tours,"1.500.000,00 €","150.000,00 €",International Security,BS,1971,Mountain,40000,3,ISDN,37
1470,All Cycle Shop,"1.000.000,00 €","100.000,00 €",Primary International,BS,1998,Mountain,25000,3,DSL,27
1472,Tachometers and Accessories,"1.000.000,00 €","100.000,00 €",Reserve Security,BS,1971,Mountain,25000,4+,DSL,28
1474,Cycles Sales and Repair,"1.000.000,00 €","100.000,00 €",United Security,BS,2001,Touring,26000,3,T1,29
1476,Low Price Cycles,"1.500.000,00 €","150.000,00 €",International Bank,BS,1996,Mountain,36000,4+,DSL,30
1478,Metropolitan Manufacturing,"1.500.000,00 €","150.000,00 €",Primary Bank & Reserve,BS,1990,Road,39000,4+,DSL,31
1480,Orange Bicycle Company,"1.500.000,00 €","150.000,00 €",International Security,BS,1984,Road,37000,4+,T1,32
1482,Riding Associates,"1.500.000,00 €","150.000,00 €",Guardian Bank,BS,1978,Mountain,36000,4+,DSL,33
1484,Essential Bike Works,"1.500.000,00 €","150.000,00 €",Primary International,BS,1972,Road,39000,4+,DSL,34
1486,Rural Mountain Bike Mart,"1.500.000,00 €","150.000,00 €",Reserve Security,BS,1988,Road,39000,4+,T1,35
1488,City Cycling,"1.500.000,00 €","150.000,00 €",United Security,BS,1976,Road,37000,2,T1,36
1490,Engineered Bike Systems,"1.500.000,00 €","150.000,00 €",International Bank,BS,1971,Touring,40000,4+,T2,37
1796,Professional Containers and Packaging Co.,"1.500.000,00 €","150.000,00 €",International Security,BS,1997,Mountain,38000,4+,DSL,46
1798,One Bike Company,"1.500.000,00 €","150.000,00 €",Primary Bank & Reserve,BS,1989,Mountain,41000,3,DSL,49
1800,Hiatus Bike Tours,"1.500.000,00 €","150.000,00 €",International Bank,BS,1994,Touring,40000,2,T2,48
1802,Cycling Goods,"1.500.000,00 €","150.000,00 €",United Security,BS,1986,Road,37000,4+,DSL,47
1804,Cycle Clearance,"1.500.000,00 €","150.000,00 €",Reserve Security,BS,1991,Touring,40000,2,T1,46
1806,Black Bicycle Company,"1.500.000,00 €","150.000,00 €",Primary International,BS,1983,Mountain,40000,4+,DSL,45
1808,Transport Bikes,"1.500.000,00 €","150.000,00 €",Guardian Bank,BS,1988,Touring,41000,3,ISDN,44
1810,Sellers of Cycles,"1.500.000,00 €","150.000,00 €",International Security,BS,1980,Road,37000,4+,DSL,43
1812,Maintenance and Repair for Bicycles,"1.500.000,00 €","150.000,00 €",Primary Bank & Reserve,BS,1985,Touring,41000,4+,DSL,42
1814,Fitness Department Stores,"1.500.000,00 €","150.000,00 €",International Bank,BS,1977,Touring,37000,3,T2,41
1816,Famous Bike Shop,"1.500.000,00 €","150.000,00 €",United Security,BS,1982,Mountain,37000,4+,DSL,40
1818,Eastward Bike Accessories,"1.500.000,00 €","150.000,00 €",Reserve Security,BS,1974,Touring,39000,3,DSL,39
1820,Strong Metal Manufacturing,"1.500.000,00 €","150.000,00 €",Primary International,BS,1979,Road,36000,4+,DSL,38
1822,Gift and Toy Store,"1.500.000,00 €","150.000,00 €",Guardian Bank,BS,1971,Road,36000,4+,DSL,37
1824,Major Sporting Goods,"1.500.000,00 €","150.000,00 €",International Security,BS,1976,Road,40000,4+,DSL,36
1826,Executive Discount Store,"1.500.000,00 €","150.000,00 €",Primary Bank & Reserve,BS,1988,Road,39000,4+,T1,35
1828,Major Cycling,"3.000.000,00 €","300.000,00 €",International Security,OS,1995,Road,77000,2,T2,79
1830,Getaway Inn,"3.000.000,00 €","300.000,00 €",Primary Bank & Reserve,OS,1987,Road,75000,4+,T1,80
1832,Downhill Bicycle Specialists,"3.000.000,00 €","300.000,00 €",International Bank,OS,1992,Mountain,77000,2,DSL,81
1834,Bike Experts,"3.000.000,00 €","300.000,00 €",United Security,OS,1984,Mountain,73000,4+,DSL,82
1836,Extraordinary Bike Works,"3.000.000,00 €","300.000,00 €",Reserve Security,OS,1989,Mountain,75000,2,T2,83
1838,Valley Bicycle Distributors,"3.000.000,00 €","300.000,00 €",Primary International,OS,1981,Road,76000,4+,DSL,84
1840,Top Sports Supply,"3.000.000,00 €","300.000,00 €",Guardian Bank,OS,1986,Mountain,78000,3,DSL,85
1842,Racing Sales and Service,"3.000.000,00 €","300.000,00 €",International Security,OS,1978,Road,77000,3,DSL,86
1844,Metropolitan Bicycle Supply,"3.000.000,00 €","300.000,00 €",Primary Bank & Reserve,OS,1983,Mountain,78000,4+,DSL,87
1846,Honest Repair Service,"3.000.000,00 €","300.000,00 €",International Bank,OS,1975,Touring,77000,3,DSL,88
1848,Designer Department Stores,"3.000.000,00 €","300.000,00 €",United Security,OS,1980,Road,74000,3,T2,89
1850,Wheel Gallery,"3.000.000,00 €","300.000,00 €",Reserve Security,OS,1972,Road,79000,2,DSL,90
1852,Top Bike Market,"3.000.000,00 €","300.000,00 €",International Bank,OS,1987,Touring,75000,3,T1,80
1854,Region Bike Company,"3.000.000,00 €","300.000,00 €",United Security,OS,1992,Road,75000,2,DSL,81
1856,Grown-up Bike Store,"3.000.000,00 €","300.000,00 €",Reserve Security,OS,1984,Mountain,75000,3,DSL,82
1858,Bicycle Lines Distributors,"3.000.000,00 €","300.000,00 €",Primary International,OS,1989,Mountain,77000,3,DSL,83
1860,Sparkling Paint and Finishes,"3.000.000,00 €","300.000,00 €",Guardian Bank,OS,1981,Mountain,76000,2,DSL,84
1862,Racing Association,"3.000.000,00 €","300.000,00 €",International Security,OS,1986,Road,76000,3,T1,85
1864,Plastic Parts Company,"3.000.000,00 €","300.000,00 €",Primary Bank & Reserve,OS,1978,Mountain,76000,4+,DSL,86
1866,Gears and Parts Company,"3.000.000,00 €","300.000,00 €",International Bank,OS,1983,Touring,74000,2,T1,87
1868,Executive Gift Store,"3.000.000,00 €","300.000,00 €",United Security,OS,1975,Mountain,76000,3,DSL,88
1870,Big Cycle Mall,"3.000.000,00 €","300.000,00 €",Reserve Security,OS,1980,Touring,77000,4+,DSL,89
1872,Budget Bike Company,"800.000,00 €","80.000,00 €",International Bank,BM,1997,Road,22000,AW,ISDN,18
1874,Eighth Bike Store,"800.000,00 €","80.000,00 €",Primary Bank & Reserve,BM,1975,Touring,21000,3,T2,19
1876,Demand Distributors,"1.000.000,00 €","100.000,00 €",International Security,BM,2000,Road,24000,4+,T1,20
1878,Immediate Repair Shop,"800.000,00 €","80.000,00 €",Guardian Bank,BM,2000,Mountain,22000,4+,T2,17
1880,Off-Price Bike Center,"800.000,00 €","80.000,00 €",Primary International,BM,1994,Touring,22000,4+,T1,14
1882,Red Bicycle Company,"800.000,00 €","80.000,00 €",Reserve Security,BM,1988,Mountain,18000,3,DSL,11
1884,Retirement Activities Association,"300.000,00 €","30.000,00 €",United Security,BM,1982,Road,11000,4+,T1,8
1886,Trendy Department Stores,"300.000,00 €","30.000,00 €",International Bank,BM,1976,Touring,9000,AW,DSL,5
1888,Vintage Sport Boutique,"300.000,00 €","30.000,00 €",Primary Bank & Reserve,BM,1970,Touring,9000,AW,DSL,2
1890,Travel Sports,"800.000,00 €","80.000,00 €",United Security,BM,1997,Mountain,18000,4+,DSL,17
1892,West Side Mart,"800.000,00 €","80.000,00 €",International Bank,BM,1975,Touring,19000,3,DSL,18
1894,The Bike Outlet,"800.000,00 €","80.000,00 €",Primary Bank & Reserve,BM,2000,Touring,21000,2,T1,19
1896,Tenth Bike Store,"800.000,00 €","80.000,00 €",International Bank,BM,1994,Road,23000,4+,DSL,18
1898,Valuable Bike Parts Company,"800.000,00 €","80.000,00 €",Primary Bank & Reserve,BM,1988,Mountain,20000,2,DSL,16
1900,Fun Times Club,"800.000,00 €","80.000,00 €",International Security,BM,1982,Road,22000,3,DSL,14
1902,Chain and Chain Tool Distributions,"800.000,00 €","80.000,00 €",Guardian Bank,BM,1976,Road,20000,3,DSL,12
1904,Mobile Outlet,"800.000,00 €","80.000,00 €",Primary International,BM,1970,Road,17000,2,T1,10
1906,Regional Cycle Shop,"300.000,00 €","30.000,00 €",Reserve Security,BM,1975,Road,10000,2,DSL,8
1908,Rural Bicycle Supply,"300.000,00 €","30.000,00 €",United Security,BM,1970,Mountain,10000,4+,DSL,6
1910,Wingtip Toys,"800.000,00 €","80.000,00 €",International Bank,BM,1999,Mountain,20000,3,T1,15
1912,The Cycle Store,"800.000,00 €","80.000,00 €",Primary Bank & Reserve,BM,1994,Mountain,22000,3,T1,16
1914,Educational Services,"800.000,00 €","80.000,00 €",International Security,BM,1987,Touring,19000,2,DSL,17
1916,Active Life Toys,"800.000,00 €","80.000,00 €",Guardian Bank,BM,1997,Road,20000,4+,T1,18
1918,Simple Bike Parts,"800.000,00 €","80.000,00 €",Primary International,BM,1975,Road,21000,4+,DSL,19
1920,Timely Shipping Service,"1.000.000,00 €","100.000,00 €",Reserve Security,BM,2000,Mountain,24000,2,T1,20
1922,A Cycle Shop,"800.000,00 €","80.000,00 €",United Security,BM,2000,Touring,22000,3,T2,17
1924,Bike Products and Accessories,"800.000,00 €","80.000,00 €",International Bank,BM,1994,Mountain,19000,AW,T2,14
1926,Fitness Toys,"800.000,00 €","80.000,00 €",Primary Bank & Reserve,BM,1988,Touring,21000,2,T1,11
1928,Quick Parts and Service,"300.000,00 €","30.000,00 €",International Security,BM,1984,Touring,7000,4+,DSL,5
1930,Reliable Brake Systems,"300.000,00 €","30.000,00 €",Guardian Bank,BM,1979,Mountain,7000,3,DSL,6
1932,Thrifty Parts and Sales,"300.000,00 €","30.000,00 €",Primary International,BM,1987,Road,8000,2,DSL,7
1934,A Typical Bike Shop,"300.000,00 €","30.000,00 €",Reserve Security,BM,1982,Road,8000,AW,T1,8
1936,Active Transport Inc.,"300.000,00 €","30.000,00 €",United Security,BM,1990,Road,8000,AW,T2,9
1938,Cycle Parts and Accessories,"800.000,00 €","80.000,00 €",International Bank,BM,1985,Touring,20000,3,T2,10
1940,Fasteners & Bolts Outlet,"800.000,00 €","80.000,00 €",Primary Bank & Reserve,BM,1993,Touring,18000,4+,DSL,11
1942,Functional Store North,"800.000,00 €","80.000,00 €",International Security,BM,1988,Mountain,19000,3,DSL,12
1944,Quantity Discounts,"800.000,00 €","80.000,00 €",Guardian Bank,BM,1996,Road,19000,3,DSL,13
1946,Swift Cycles,"800.000,00 €","80.000,00 €",Primary International,BM,1991,Road,22000,3,ISDN,14
1948,Classic Cycle Store,"800.000,00 €","80.000,00 €",Reserve Security,BM,1999,Mountain,22000,2,DSL,15
1950,Helpful Sales and Repair Service ,"800.000,00 €","80.000,00 €",United Security,BM,1994,Touring,19000,4+,DSL,16
1952,Large Bike Shop,"800.000,00 €","80.000,00 €",International Bank,BM,1987,Mountain,19000,4+,T1,17
1954,Recreation Supplies,"800.000,00 €","80.000,00 €",Primary Bank & Reserve,BM,1997,Mountain,22000,3,DSL,18
1956,Wire Baskets and Parts,"800.000,00 €","80.000,00 €",International Security,BM,1975,Road,19000,4+,DSL,19
1958,Ultimate Bicycle Company,"3.000.000,00 €","300.000,00 €",International Security,OS,1974,Mountain,78000,2,T1,94
1960,Sports Store,"3.000.000,00 €","300.000,00 €",Primary Bank & Reserve,OS,1980,Mountain,76000,3,DSL,95
1962,Metropolitan Equipment,"3.000.000,00 €","300.000,00 €",International Bank,OS,1986,Road,78000,2,DSL,96
1964,Extended Tours,"3.000.000,00 €","300.000,00 €",United Security,OS,1992,Road,78000,4+,T1,97
1966,Convenient Sales and Service,"3.000.000,00 €","300.000,00 €",Reserve Security,OS,1998,Road,77000,4+,T1,98
1968,Solid Bike Parts,"3.000.000,00 €","300.000,00 €",Primary International,OS,1999,Road,77000,4+,DSL,99
1970,Permanent Finish Products,"3.000.000,00 €","300.000,00 €",Guardian Bank,OS,1999,Mountain,79000,4+,DSL,100
1972,Mercantile Outlet,"3.000.000,00 €","300.000,00 €",International Security,OS,1979,Mountain,71000,4+,T1,66
1974,Links Works,"1.500.000,00 €","150.000,00 €",Guardian Bank,OS,1974,Mountain,39000,2,DSL,40
1976,Exhilarating Cycles,"1.500.000,00 €","150.000,00 €",International Security,OS,1980,Road,40000,3,T2,43
1978,Exercise Center,"800.000,00 €","80.000,00 €",Guardian Bank,BM,1975,Mountain,23000,2,T1,19
1980,Great Bicycle Supply,"1.000.000,00 €","100.000,00 €",Primary International,BM,2000,Mountain,27000,4+,T1,20
1982,Mail-Order Outlet,"800.000,00 €","80.000,00 €",Reserve Security,BM,2000,Road,18000,4+,T1,17
1984,Nearby Cycle Shop,"800.000,00 €","80.000,00 €",United Security,BM,1994,Mountain,20000,2,T1,14
1986,Recreation Toy Store,"800.000,00 €","80.000,00 €",International Bank,BM,1988,Mountain,17000,3,T1,11
1988,Retreat Inn,"300.000,00 €","30.000,00 €",Primary Bank & Reserve,BM,1982,Road,7000,4+,T2,8
1990,Technical Parts Manufacturing,"300.000,00 €","30.000,00 €",International Security,BM,1976,Touring,7000,4+,T1,5
1992,Totes & Baskets Company,"300.000,00 €","30.000,00 €",Guardian Bank,BM,1970,Road,6000,4+,DSL,2
1994,World of Bikes,"800.000,00 €","80.000,00 €",Primary Bank & Reserve,BM,1997,Mountain,19000,4+,T1,17
2051,A Bicycle Association,"800.000,00 €","80.000,00 €",International Security,BM,1975,Touring,19000,2,T1,18
